,Sim1,Sim2,Sim3
ATE,0.25,0.25,0.25
Non-spatial,0.29785357193597506,0.410201003001786,0.40636921128846965
spatial,0.2500031935533302,0.24999901531617486,0.24999854835556604
