,Sim1,Sim2,Sim3
ATE,0.25,0.25,0.25
Non-spatial,0.3597021475914266,0.33654737927494005,0.4148627360835121
spatial,0.24999411104859703,0.2500032330313249,0.2500056211264708
