,Sim1,Sim2,Sim3
ATE,0.25,0.25,0.25
Non-spatial,0.5532571709060122,0.23580014115594033,0.24889140593380282
spatial,0.24999999999999967,0.25000000000000006,0.25
