,Sim1,Sim2,Sim3
ATE,0.25,0.25,0.25
Non-spatial,0.2714233273114556,0.2571959062714222,0.2577903650679941
spatial,0.25000268609751,0.24999905245502077,0.24999923466395785
