,Sim1,Sim2,Sim3
ATE,0.25,0.25,0.25
Non-spatial,0.35965621860799984,0.336523153209511,0.41482794890828556
spatial,0.12996347896686683,0.11787757703076107,0.1373903733132334
